[{"created_at":"Tue Sep 01 13:30:57 +0000 2015","id":638705606350663681,"id_str":"638705606350663681","text":"We're proud to have been voted one of the #BestPlacesToWork in Australia in the #BRWAwards https:\/\/t.co\/ykKuzWHGtl http:\/\/t.co\/Q9PywFSvCh","source":"\u003ca href=\"http:\/\/twitter.com\" rel=\"nofollow\"\u003eTwitter Web Client\u003c\/a\u003e","truncated":false,"in_reply_to_status_id":null,"in_reply_to_status_id_str":null,"in_reply_to_user_id":null,"in_reply_to_user_id_str":null,"in_reply_to_screen_name":null,"user":{"id":16582191,"id_str":"16582191","name":"Envato","screen_name":"envato","location":"Melbourne","description":"A global community of designers & developers. #Australian made #startup @envatomarket @tutsplus. Customer support @envato_help","url":"http:\/\/t.co\/5OvUThFPYI","entities":{"url":{"urls":[{"url":"http:\/\/t.co\/5OvUThFPYI","expanded_url":"http:\/\/envato.com","display_url":"envato.com","indices":[0,22]}]},"description":{"urls":[]}},"protected":false,"followers_count":54349,"friends_count":1245,"listed_count":1872,"created_at":"Fri Oct 03 19:11:51 +0000 2008","favourites_count":424,"utc_offset":36000,"time_zone":"Melbourne","geo_enabled":false,"verified":false,"statuses_count":7072,"lang":"en","contributors_enabled":false,"is_translator":false,"is_translation_enabled":false,"profile_background_color":"323435","profile_background_image_url":"http:\/\/pbs.twimg.com\/profile_background_images\/378800000036129044\/4aaf87e960f30537daa1a0a0c3c4fc31.jpeg","profile_background_image_url_https":"https:\/\/pbs.twimg.com\/profile_background_images\/378800000036129044\/4aaf87e960f30537daa1a0a0c3c4fc31.jpeg","profile_background_tile":false,"profile_image_url":"http:\/\/pbs.twimg.com\/profile_images\/344513261572266825\/1316a31c9c4481517fbb3fca65e96f3d_normal.png","profile_image_url_https":"https:\/\/pbs.twimg.com\/profile_images\/344513261572266825\/1316a31c9c4481517fbb3fca65e96f3d_normal.png","profile_banner_url":"https:\/\/pbs.twimg.com\/profile_banners\/16582191\/1440374969","profile_link_color":"83B449","profile_sidebar_border_color":"FFFFFF","profile_sidebar_fill_color":"6C9450","profile_text_color":"242424","profile_use_background_image":true,"has_extended_profile":false,"default_profile":false,"default_profile_image":false,"following":false,"follow_request_sent":false,"notifications":false},"geo":null,"coordinates":null,"place":null,"contributors":null,"is_quote_status":false,"retweet_count":6,"favorite_count":11,"entities":{"hashtags":[{"text":"BestPlacesToWork","indices":[42,59]},{"text":"BRWAwards","indices":[80,90]}],"symbols":[],"user_mentions":[],"urls":[{"url":"https:\/\/t.co\/ykKuzWHGtl","expanded_url":"https:\/\/lnkd.in\/bU5-MxN","display_url":"lnkd.in\/bU5-MxN","indices":[91,114]}],"media":[{"id":638705604433833984,"id_str":"638705604433833984","indices":[115,137],"media_url":"http:\/\/pbs.twimg.com\/media\/CN0jXPxUcAA3Er5.jpg","media_url_https":"https:\/\/pbs.twimg.com\/media\/CN0jXPxUcAA3Er5.jpg","url":"http:\/\/t.co\/Q9PywFSvCh","display_url":"pic.twitter.com\/Q9PywFSvCh","expanded_url":"http:\/\/twitter.com\/envato\/status\/638705606350663681\/photo\/1","type":"photo","sizes":{"small":{"w":340,"h":340,"resize":"fit"},"thumb":{"w":150,"h":150,"resize":"crop"},"medium":{"w":600,"h":600,"resize":"fit"},"large":{"w":1024,"h":1024,"resize":"fit"}}}]},"extended_entities":{"media":[{"id":638705604433833984,"id_str":"638705604433833984","indices":[115,137],"media_url":"http:\/\/pbs.twimg.com\/media\/CN0jXPxUcAA3Er5.jpg","media_url_https":"https:\/\/pbs.twimg.com\/media\/CN0jXPxUcAA3Er5.jpg","url":"http:\/\/t.co\/Q9PywFSvCh","display_url":"pic.twitter.com\/Q9PywFSvCh","expanded_url":"http:\/\/twitter.com\/envato\/status\/638705606350663681\/photo\/1","type":"photo","sizes":{"small":{"w":340,"h":340,"resize":"fit"},"thumb":{"w":150,"h":150,"resize":"crop"},"medium":{"w":600,"h":600,"resize":"fit"},"large":{"w":1024,"h":1024,"resize":"fit"}}}]},"favorited":false,"retweeted":false,"possibly_sensitive":false,"lang":"en"},{"created_at":"Mon Aug 31 04:34:09 +0000 2015","id":638208128874471424,"id_str":"638208128874471424","text":"Stop worrying &amp; become a great tech entrepreneur: How @cyantaeed of Envato did it https:\/\/t.co\/9TtvreHnA0","source":"\u003ca href=\"http:\/\/twitter.com\" rel=\"nofollow\"\u003eTwitter Web Client\u003c\/a\u003e","truncated":false,"in_reply_to_status_id":null,"in_reply_to_status_id_str":null,"in_reply_to_user_id":null,"in_reply_to_user_id_str":null,"in_reply_to_screen_name":null,"user":{"id":16582191,"id_str":"16582191","name":"Envato","screen_name":"envato","location":"Melbourne","description":"A global community of designers & developers. #Australian made #startup @envatomarket @tutsplus. Customer support @envato_help","url":"http:\/\/t.co\/5OvUThFPYI","entities":{"url":{"urls":[{"url":"http:\/\/t.co\/5OvUThFPYI","expanded_url":"http:\/\/envato.com","display_url":"envato.com","indices":[0,22]}]},"description":{"urls":[]}},"protected":false,"followers_count":54349,"friends_count":1245,"listed_count":1872,"created_at":"Fri Oct 03 19:11:51 +0000 2008","favourites_count":424,"utc_offset":36000,"time_zone":"Melbourne","geo_enabled":false,"verified":false,"statuses_count":7072,"lang":"en","contributors_enabled":false,"is_translator":false,"is_translation_enabled":false,"profile_background_color":"323435","profile_background_image_url":"http:\/\/pbs.twimg.com\/profile_background_images\/378800000036129044\/4aaf87e960f30537daa1a0a0c3c4fc31.jpeg","profile_background_image_url_https":"https:\/\/pbs.twimg.com\/profile_background_images\/378800000036129044\/4aaf87e960f30537daa1a0a0c3c4fc31.jpeg","profile_background_tile":false,"profile_image_url":"http:\/\/pbs.twimg.com\/profile_images\/344513261572266825\/1316a31c9c4481517fbb3fca65e96f3d_normal.png","profile_image_url_https":"https:\/\/pbs.twimg.com\/profile_images\/344513261572266825\/1316a31c9c4481517fbb3fca65e96f3d_normal.png","profile_banner_url":"https:\/\/pbs.twimg.com\/profile_banners\/16582191\/1440374969","profile_link_color":"83B449","profile_sidebar_border_color":"FFFFFF","profile_sidebar_fill_color":"6C9450","profile_text_color":"242424","profile_use_background_image":true,"has_extended_profile":false,"default_profile":false,"default_profile_image":false,"following":false,"follow_request_sent":false,"notifications":false},"geo":null,"coordinates":null,"place":null,"contributors":null,"is_quote_status":false,"retweet_count":6,"favorite_count":15,"entities":{"hashtags":[],"symbols":[],"user_mentions":[{"screen_name":"cyantaeed","name":"Cyan Ta'eed","id":25051755,"id_str":"25051755","indices":[58,68]}],"urls":[{"url":"https:\/\/t.co\/9TtvreHnA0","expanded_url":"https:\/\/lnkd.in\/bZbtNBm","display_url":"lnkd.in\/bZbtNBm","indices":[86,109]}]},"favorited":false,"retweeted":false,"possibly_sensitive":false,"lang":"en"}]